Puntajes_Criterio_1,Puntajes_Criterio_2,Puntajes_Criterio_3,Puntajes_Criterio_4,Puntajes_Criterio_5,Puntajes_Criterio_6,Puntajes_Criterio_7,Puntajes_Criterio_8,Puntajes_Criterio_9,Puntajes_Criterio_10,Puntajes_Criterio_11,Puntajes_Criterio_12,Puntajes_Criterio_13,Puntajes_Criterio_14,Puntajes_Criterio_15,Puntajes_Criterio_16,Puntajes_Criterio_17,Puntajes_Criterio_18,Puntajes_Criterio_19,Puntajes_Criterio_20,C1,C2,C3,C4,C5,C6,C7,C8,C9,C10,C11,C12,C13,C14,C15,C16,C17,C18,C19,C20,score
0.2380952380952381,0.42857142857142855,0.5238095238095238,0.4761904761904762,0.6666666666666667,0.5238095238095238,0.6666666666666667,0.5714285714285714,0.6666666666666667,0.6190476190476191,0.7142857142857143,0.6190476190476191,0.7142857142857143,0.6190476190476191,0.7142857142857143,0.6190476190476191,0.7619047619047619,0.6666666666666665,0.7142857142857143,0.6666666666666665,1,1,0,1,0,0,0,0,0,0,0,0,0,0,0,0,1,0,0,0,0.31333333333333335
0.2380952380952381,0.42857142857142855,0.5238095238095238,0.4761904761904762,0.6666666666666667,0.5238095238095238,0.6666666666666667,0.5714285714285714,0.6666666666666667,0.6190476190476191,0.7142857142857143,0.6190476190476191,0.7142857142857143,0.6190476190476191,0.7142857142857143,0.6190476190476191,0.7619047619047619,0.6666666666666665,0.7142857142857143,0.6666666666666665,1,1,0,1,0,0,0,0,0,0,0,0,0,0,0,0,1,0,0,0,0.31333333333333335
